Request Number,Quotation Amount,Paid Amount,Request Status
EGP2212,120,299,Pending
EGP2213,120,299,Canceled
EGP2214,120,149.5,Pending
EGP2215,120,299,Pending
EGP2216,120,264.5,Completed
EGP2217,120,264.5,Canceled
EGP2218,120,149.5,Pending
EGP2219,120,264.5,Canceled
EGP2220,120,149.5,Completed
EGP2221,120,264.5,Completed
EGP2222,120,299,Completed
EGP2223,120,299,Completed
EGP2224,120,149.5,Canceled
EGP2225,120,299,Completed
EGP2226,120,299,Canceled
EGP2227,120,149.5,Pending
EGP2228,120,149.5,Completed
EGP2229,120,264.5,Pending
EGP2230,120,299,Canceled
EGP2231,120,264.5,Canceled
EGP2232,120,149.5,Canceled
EGP2233,120,149.5,Pending
EGP2234,120,299,Completed
EGP2235,120,264.5,Pending
EGP2236,120,149.5,Completed
EGP2237,120,149.5,Canceled
EGP2238,120,264.5,Canceled
EGP2239,120,264.5,Completed
EGP2240,120,149.5,Canceled
EGP2241,120,149.5,Completed
EGP2242,120,149.5,Pending
EGP2243,120,299,Pending
EGP2244,120,149.5,Pending
EGP2245,120,149.5,Pending
EGP2246,120,149.5,Completed
EGP2247,120,299,Canceled
EGP2248,120,264.5,Pending
EGP2249,120,299,Pending
EGP2250,120,264.5,Pending
EGP2251,120,149.5,Completed
EGP2252,120,299,Pending
EGP2253,120,264.5,Completed
EGP2254,120,299,Canceled
EGP2255,120,149.5,Pending
EGP2256,120,264.5,Completed
EGP2257,120,299,Pending
EGP2258,120,264.5,Canceled
EGP2259,120,299,Canceled
EGP2260,120,299,Pending
EGP2261,120,299,Canceled
EGP2262,120,149.5,Completed
EGP2263,120,149.5,Completed
EGP2264,120,264.5,Completed
EGP2265,120,264.5,Pending
EGP2266,120,149.5,Completed
EGP2267,120,264.5,Canceled
EGP2268,120,264.5,Completed
EGP2269,120,264.5,Completed
EGP2270,120,299,Canceled
EGP2271,120,149.5,Completed
EGP2272,120,264.5,Completed
EGP2273,120,299,Canceled
EGP2274,120,149.5,Canceled
EGP2275,120,299,Canceled
EGP2276,120,264.5,Pending
EGP2277,120,299,Canceled
EGP2278,120,149.5,Canceled
EGP2279,120,149.5,Canceled
EGP2280,120,149.5,Completed
EGP2281,120,299,Pending
EGP2282,120,264.5,Pending
EGP2283,120,149.5,Canceled
EGP2284,120,264.5,Canceled
EGP2285,120,264.5,Completed
EGP2286,120,264.5,Canceled
EGP2287,120,264.5,Completed
EGP2288,120,264.5,Pending
EGP2289,120,264.5,Completed
EGP2290,120,299,Completed
EGP2291,120,264.5,Completed
EGP2292,120,264.5,Canceled
EGP2293,120,149.5,Pending
EGP2294,120,264.5,Completed
EGP2295,120,264.5,Completed
EGP2296,120,149.5,Pending
EGP2297,120,299,Completed
EGP2298,120,264.5,Completed
EGP2299,120,264.5,Completed
EGP2300,120,264.5,Pending
EGP2301,120,149.5,Canceled
EGP2302,120,299,Canceled
EGP2303,120,149.5,Pending
EGP2304,120,264.5,Completed
EGP2305,120,149.5,Completed
EGP2306,120,264.5,Pending
EGP2307,120,299,Canceled
EGP2308,120,264.5,Completed
EGP2309,120,264.5,Pending
EGP2310,120,264.5,Completed
EGP2311,120,149.5,Pending
EGP2312,120,299,Pending
EGP2313,120,299,Completed
EGP2314,120,264.5,Canceled
EGP2315,120,149.5,Pending
EGP2316,120,299,Completed
EGP2317,120,149.5,Canceled
EGP2318,120,299,Canceled
EGP2319,120,149.5,Pending
EGP2320,120,264.5,Canceled
EGP2321,120,299,Canceled
EGP2322,120,149.5,Canceled
EGP2323,120,299,Completed
EGP2324,120,299,Canceled
EGP2325,120,149.5,Completed
EGP2326,120,264.5,Completed
EGP2327,120,264.5,Pending
EGP2328,120,299,Pending
EGP2329,120,299,Completed
EGP2330,120,264.5,Completed
EGP2331,120,264.5,Pending
EGP2332,120,299,Completed
EGP2333,120,149.5,Pending
EGP2334,120,149.5,Pending
EGP2335,120,149.5,Canceled
EGP2336,120,264.5,Canceled
EGP2337,120,149.5,Pending
EGP2338,120,299,Completed
EGP2339,120,264.5,Canceled
EGP2340,120,264.5,Completed
EGP2341,120,299,Completed
EGP2342,120,264.5,Canceled
EGP2343,120,149.5,Pending
EGP2344,120,299,Completed
EGP2345,120,299,Completed
EGP2346,120,149.5,Pending
EGP2347,120,149.5,Completed
EGP2348,120,264.5,Canceled
EGP2349,120,264.5,Completed
EGP2350,120,264.5,Completed
EGP2351,120,149.5,Pending
EGP2352,120,149.5,Canceled
EGP2353,120,264.5,Pending
EGP2354,120,149.5,Completed
EGP2355,120,149.5,Canceled
EGP2356,120,264.5,Pending
EGP2357,120,264.5,Pending
EGP2358,120,149.5,Canceled
EGP2359,120,264.5,Canceled
EGP2360,120,149.5,Pending
EGP2361,120,299,Pending
EGP2362,120,264.5,Pending
EGP2363,120,299,Pending
EGP2364,120,299,Canceled
EGP2365,120,299,Completed
EGP2366,120,299,Canceled
EGP2367,120,149.5,Completed
EGP2368,120,149.5,Canceled
EGP2369,120,149.5,Completed
EGP2370,120,264.5,Canceled
EGP2371,120,264.5,Pending
EGP2372,120,149.5,Canceled
EGP2373,120,264.5,Pending
EGP2374,120,299,Pending
EGP2375,120,264.5,Completed
EGP2376,120,299,Pending
EGP2377,120,149.5,Completed
EGP2378,120,149.5,Canceled
EGP2379,120,299,Pending
EGP2380,120,149.5,Completed
EGP2381,120,299,Canceled
EGP2382,120,149.5,Completed
EGP2383,120,149.5,Pending
EGP2384,120,264.5,Pending
EGP2385,120,299,Pending
EGP2386,120,299,Pending
EGP2387,120,264.5,Completed
EGP2388,120,149.5,Pending
EGP2389,120,264.5,Completed
EGP2390,120,149.5,Pending
EGP2391,120,149.5,Canceled
EGP2392,120,149.5,Canceled
EGP2393,120,149.5,Pending
EGP2394,120,264.5,Completed
EGP2395,120,264.5,Completed
EGP2396,120,149.5,Pending
EGP2397,120,299,Completed
EGP2398,120,264.5,Canceled
EGP2399,120,149.5,Canceled
EGP2400,120,149.5,Pending
EGP2401,120,299,Canceled
EGP2402,120,264.5,Pending
EGP2403,120,264.5,Canceled
EGP2404,120,264.5,Completed
EGP2405,120,299,Pending
EGP2406,120,299,Pending
EGP2407,120,299,Completed
EGP2408,120,149.5,Completed
EGP2409,120,264.5,Completed
EGP2410,120,264.5,Completed
EGP2411,120,149.5,Pending
EGP2412,120,264.5,Pending
EGP2413,120,264.5,Completed
EGP2414,120,264.5,Pending
EGP2415,120,299,Completed
EGP2416,120,149.5,Pending
EGP2417,120,264.5,Canceled
EGP2418,120,264.5,Canceled
EGP2419,120,264.5,Canceled
EGP2420,120,264.5,Pending
EGP2421,120,264.5,Completed
EGP2422,120,149.5,Pending
EGP2423,120,149.5,Completed
EGP2424,120,264.5,Canceled
EGP2425,120,264.5,Completed
EGP2426,120,149.5,Completed
EGP2427,120,264.5,Canceled
EGP2428,120,264.5,Pending
EGP2429,120,299,Completed
EGP2430,120,149.5,Pending
EGP2431,120,149.5,Pending
EGP2432,120,264.5,Completed
EGP2433,120,149.5,Pending
EGP2434,120,299,Completed
EGP2435,120,149.5,Completed
EGP2436,120,264.5,Pending
EGP2437,120,264.5,Pending
EGP2438,120,149.5,Pending
EGP2439,120,299,Completed
EGP2440,120,149.5,Canceled
EGP2441,120,299,Canceled
EGP2442,120,149.5,Pending
EGP2443,120,149.5,Completed
EGP2444,120,264.5,Pending
EGP2445,120,264.5,Pending
EGP2446,120,149.5,Pending
EGP2447,120,264.5,Completed
EGP2448,120,299,Canceled
EGP2449,120,264.5,Completed
EGP2450,120,264.5,Pending
EGP2451,120,299,Completed
EGP2452,120,149.5,Pending
EGP2453,120,149.5,Completed
EGP2454,120,299,Completed
EGP2455,120,264.5,Completed
EGP2456,120,149.5,Canceled
EGP2457,120,299,Completed
EGP2458,120,264.5,Completed
EGP2459,120,149.5,Completed
EGP2460,120,149.5,Pending
EGP2461,120,264.5,Canceled
EGP2462,120,299,Pending
EGP2463,120,149.5,Pending
EGP2464,120,299,Canceled
EGP2465,120,149.5,Pending
EGP2466,120,299,Pending
EGP2467,120,299,Completed
EGP2468,120,149.5,Canceled
EGP2469,120,149.5,Canceled
EGP2470,120,299,Pending
EGP2471,120,299,Canceled
EGP2472,120,149.5,Pending
EGP2473,120,299,Canceled
EGP2474,120,264.5,Canceled
EGP2475,120,299,Pending
EGP2476,120,149.5,Canceled
EGP2477,120,299,Pending
EGP2478,120,299,Canceled
EGP2479,120,264.5,Pending
EGP2480,120,149.5,Completed
EGP2481,120,149.5,Completed
EGP2482,120,299,Pending
EGP2483,120,149.5,Canceled
EGP2484,120,264.5,Pending
EGP2485,120,264.5,Pending
EGP2486,120,149.5,Completed
EGP2487,120,149.5,Pending
EGP2488,120,299,Completed
EGP2489,120,299,Canceled
EGP2490,120,299,Pending
EGP2491,120,264.5,Canceled
EGP2492,120,149.5,Completed
EGP2493,120,264.5,Canceled
EGP2494,120,149.5,Completed
EGP2495,120,149.5,Completed
EGP2496,120,264.5,Pending
EGP2497,120,299,Completed
EGP2498,120,264.5,Canceled
EGP2499,120,299,Completed
EGP2500,120,299,Pending
EGP2501,120,149.5,Completed
EGP2502,120,149.5,Canceled
EGP2503,120,149.5,Pending
EGP2504,120,299,Pending
EGP2505,120,264.5,Completed
EGP2506,120,149.5,Completed
EGP2507,120,299,Pending
EGP2508,120,149.5,Canceled
EGP2509,120,264.5,Canceled
EGP2510,120,299,Canceled
EGP2511,120,264.5,Canceled
EGP2512,120,149.5,Canceled
EGP2513,120,149.5,Pending
EGP2514,120,264.5,Pending
EGP2515,120,264.5,Pending
EGP2516,120,149.5,Canceled
EGP2517,120,149.5,Completed
EGP2518,120,264.5,Pending
EGP2519,120,264.5,Pending
EGP2520,120,264.5,Completed
EGP2521,120,299,Completed
EGP2522,120,149.5,Canceled
EGP2523,120,264.5,Pending
EGP2524,120,264.5,Pending
EGP2525,120,299,Pending
EGP2526,120,299,Completed
EGP2527,120,299,Completed
EGP2528,120,264.5,Pending
EGP2529,120,299,Pending
EGP2530,120,264.5,Pending
EGP2531,120,149.5,Completed
EGP2532,120,149.5,Canceled
EGP2533,120,149.5,Pending
EGP2534,120,299,Completed
EGP2535,120,264.5,Pending
EGP2536,120,149.5,Completed
EGP2537,120,264.5,Canceled
EGP2538,120,299,Canceled
EGP2539,120,264.5,Completed
EGP2540,120,149.5,Completed
EGP2541,120,264.5,Canceled
EGP2542,120,264.5,Canceled
EGP2543,120,264.5,Pending
EGP2544,120,149.5,Canceled
EGP2545,120,264.5,Completed
EGP2546,120,299,Completed
EGP2547,120,264.5,Pending
EGP2548,120,149.5,Pending
EGP2549,120,149.5,Canceled
EGP2550,120,299,Pending
EGP2551,120,264.5,Pending
EGP2552,120,299,Completed
EGP2553,120,264.5,Completed
EGP2554,120,299,Canceled
EGP2555,120,149.5,Pending
EGP2556,120,299,Canceled
EGP2557,120,149.5,Completed
EGP2558,120,149.5,Canceled
EGP2559,120,264.5,Canceled
EGP2560,120,264.5,Canceled
EGP2561,120,149.5,Canceled
EGP2562,120,264.5,Pending
EGP2563,120,149.5,Completed
EGP2564,120,264.5,Canceled
EGP2565,120,299,Canceled
EGP2566,120,264.5,Canceled
EGP2567,120,264.5,Completed
EGP2568,120,264.5,Completed
EGP2569,120,299,Pending
EGP2570,120,264.5,Pending
EGP2571,120,299,Completed
EGP2572,120,264.5,Canceled
EGP2573,120,149.5,Canceled
EGP2574,120,299,Completed
EGP2575,120,264.5,Pending
EGP2576,120,149.5,Canceled
EGP2577,120,299,Pending
EGP2578,120,299,Canceled
EGP2579,120,149.5,Pending
EGP2580,120,299,Canceled
EGP2581,120,149.5,Canceled
EGP2582,120,299,Canceled
EGP2583,120,264.5,Canceled
EGP2584,120,299,Completed
EGP2585,120,299,Completed
EGP2586,120,299,Pending
EGP2587,120,149.5,Completed
EGP2588,120,299,Canceled
EGP2589,120,264.5,Completed
EGP2590,120,299,Pending
EGP2591,120,149.5,Canceled
EGP2592,120,149.5,Pending
EGP2593,120,299,Pending
EGP2594,120,299,Canceled
EGP2595,120,149.5,Pending
EGP2596,120,149.5,Pending
EGP2597,120,264.5,Completed
EGP2598,120,299,Canceled
EGP2599,120,264.5,Completed
EGP2600,120,264.5,Canceled
EGP2601,120,264.5,Completed
EGP2602,120,264.5,Pending
EGP2603,120,149.5,Completed
EGP2604,120,299,Completed
EGP2605,120,264.5,Pending
EGP2606,120,264.5,Pending
EGP2607,120,149.5,Canceled
EGP2608,120,149.5,Canceled
EGP2609,120,149.5,Pending
EGP2610,120,264.5,Canceled
EGP2611,120,264.5,Canceled
EGP2612,120,264.5,Pending
EGP2613,120,149.5,Pending
EGP2614,120,264.5,Canceled
EGP2615,120,149.5,Canceled
EGP2616,120,149.5,Canceled
EGP2617,120,264.5,Canceled
EGP2618,120,299,Canceled
EGP2619,120,299,Completed
EGP2620,120,299,Completed
EGP2621,120,299,Pending
EGP2622,120,264.5,Completed
EGP2623,120,264.5,Completed
EGP2624,120,264.5,Pending
EGP2625,120,149.5,Completed
EGP2626,120,149.5,Canceled
EGP2627,120,264.5,Pending
EGP2628,120,299,Canceled
EGP2629,120,299,Pending
EGP2630,120,299,Pending
EGP2631,120,264.5,Completed
EGP2632,120,299,Canceled
EGP2633,120,299,Pending
EGP2634,120,149.5,Pending
EGP2635,120,264.5,Completed
EGP2636,120,149.5,Pending
EGP2637,120,149.5,Pending
EGP2638,120,264.5,Completed
EGP2639,120,149.5,Completed
EGP2640,120,149.5,Pending
EGP2641,120,299,Completed
EGP2642,120,299,Completed
EGP2643,120,264.5,Pending
EGP2644,120,264.5,Canceled
EGP2645,120,149.5,Completed
EGP2646,120,299,Canceled
EGP2647,120,264.5,Pending
EGP2648,120,264.5,Canceled
EGP2649,120,299,Canceled
EGP2650,120,299,Pending
EGP2651,120,149.5,Completed
EGP2652,120,264.5,Pending
EGP2653,120,149.5,Pending
EGP2654,120,149.5,Completed
EGP2655,120,299,Completed
EGP2656,120,299,Completed
EGP2657,120,299,Canceled
EGP2658,120,299,Completed
EGP2659,120,299,Canceled
EGP2660,120,299,Pending
EGP2661,120,149.5,Pending
EGP2662,120,149.5,Pending
EGP2663,120,299,Completed
EGP2664,120,149.5,Pending
EGP2665,120,299,Pending
EGP2666,120,299,Canceled
EGP2667,120,149.5,Canceled
EGP2668,120,264.5,Completed
EGP2669,120,149.5,Completed
EGP2670,120,149.5,Completed
EGP2671,120,299,Pending
EGP2672,120,264.5,Pending
EGP2673,120,149.5,Pending
EGP2674,120,299,Completed
EGP2675,120,149.5,Canceled
EGP2676,120,149.5,Canceled
EGP2677,120,149.5,Completed
EGP2678,120,264.5,Completed
EGP2679,120,299,Pending
EGP2680,120,299,Pending
EGP2681,120,264.5,Completed
EGP2682,120,299,Completed
EGP2683,120,264.5,Canceled
EGP2684,120,299,Canceled
EGP2685,120,264.5,Pending
EGP2686,120,299,Pending
EGP2687,120,264.5,Pending
EGP2688,120,264.5,Canceled
EGP2689,120,264.5,Pending
EGP2690,120,264.5,Pending
EGP2691,120,264.5,Pending
EGP2692,120,299,Completed
EGP2693,120,264.5,Canceled
EGP2694,120,149.5,Canceled
EGP2695,120,149.5,Pending
EGP2696,120,264.5,Completed
EGP2697,120,149.5,Canceled
EGP2698,120,149.5,Canceled
EGP2699,120,149.5,Pending
EGP2700,120,264.5,Completed
EGP2701,120,299,Canceled
EGP2702,120,264.5,Completed
EGP2703,120,149.5,Completed
EGP2704,120,149.5,Completed
EGP2705,120,299,Completed
EGP2706,120,264.5,Pending
EGP2707,120,264.5,Completed
EGP2708,120,149.5,Completed
EGP2709,120,149.5,Canceled
EGP2710,120,264.5,Completed
EGP2711,120,299,Canceled
EGP2712,120,299,Completed
EGP2713,120,149.5,Completed
EGP2714,120,264.5,Canceled
EGP2715,120,299,Completed
EGP2716,120,149.5,Completed
EGP2717,120,149.5,Completed
EGP2718,120,299,Completed
EGP2719,120,264.5,Canceled
EGP2720,120,299,Pending
EGP2721,120,264.5,Canceled
EGP2722,120,299,Completed
EGP2723,120,299,Completed
EGP2724,120,264.5,Canceled
EGP2725,120,264.5,Pending
EGP2726,120,299,Completed
EGP2727,120,149.5,Pending
EGP2728,120,264.5,Pending
EGP2729,120,264.5,Completed
EGP2730,120,149.5,Pending
EGP2731,120,299,Canceled
EGP2732,120,299,Completed
EGP2733,120,299,Canceled
EGP2734,120,264.5,Canceled
EGP2735,120,149.5,Canceled
EGP2736,120,299,Pending
EGP2737,120,264.5,Canceled
EGP2738,120,264.5,Canceled
EGP2739,120,264.5,Canceled
EGP2740,120,299,Canceled
EGP2741,120,299,Canceled
EGP2742,120,299,Pending
EGP2743,120,149.5,Canceled
EGP2744,120,149.5,Pending
EGP2745,120,264.5,Pending
EGP2746,120,299,Completed
EGP2747,120,299,Canceled
EGP2748,120,149.5,Pending
EGP2749,120,299,Pending
EGP2750,120,149.5,Canceled
EGP2751,120,149.5,Canceled
EGP2752,120,299,Canceled
EGP2753,120,299,Pending
EGP2754,120,264.5,Completed
EGP2755,120,149.5,Pending
EGP2756,120,149.5,Pending
EGP2757,120,264.5,Completed
EGP2758,120,264.5,Completed
EGP2759,120,149.5,Canceled
EGP2760,120,299,Completed
EGP2761,120,264.5,Pending
EGP2762,120,149.5,Completed
EGP2763,120,149.5,Completed
EGP2764,120,149.5,Completed
EGP2765,120,149.5,Completed
EGP2766,120,149.5,Canceled
EGP2767,120,299,Canceled
EGP2768,120,299,Canceled
EGP2769,120,299,Completed
EGP2770,120,264.5,Pending
EGP2771,120,264.5,Completed
EGP2772,120,264.5,Completed
EGP2773,120,149.5,Canceled
EGP2774,120,264.5,Completed
EGP2775,120,149.5,Canceled
EGP2776,120,149.5,Canceled
EGP2777,120,299,Pending
EGP2778,120,299,Completed
EGP2779,120,299,Canceled
EGP2780,120,264.5,Canceled
EGP2781,120,264.5,Completed
EGP2782,120,264.5,Canceled
EGP2783,120,299,Canceled
EGP2784,120,264.5,Pending
EGP2785,120,264.5,Completed
EGP2786,120,299,Pending
EGP2787,120,264.5,Completed
EGP2788,120,264.5,Canceled
EGP2789,120,264.5,Pending
EGP2790,120,149.5,Pending
EGP2791,120,264.5,Completed
EGP2792,120,149.5,Pending
EGP2793,120,264.5,Canceled
EGP2794,120,264.5,Pending
EGP2795,120,149.5,Canceled
EGP2796,120,299,Canceled
EGP2797,120,299,Canceled
EGP2798,120,299,Pending
EGP2799,120,149.5,Completed
EGP2800,120,149.5,Pending
EGP2801,120,264.5,Completed
EGP2802,120,149.5,Completed
EGP2803,120,149.5,Pending
EGP2804,120,149.5,Pending
EGP2805,120,299,Pending
EGP2806,120,149.5,Canceled
EGP2807,120,264.5,Canceled
EGP2808,120,264.5,Completed
EGP2809,120,299,Canceled
EGP2810,120,264.5,Completed
EGP2811,120,149.5,Completed
EGP2812,120,264.5,Completed
EGP2813,120,149.5,Completed
EGP2814,120,149.5,Completed
EGP2815,120,299,Completed
EGP2816,120,264.5,Completed
EGP2817,120,299,Pending
EGP2818,120,149.5,Canceled
EGP2819,120,149.5,Canceled
EGP2820,120,149.5,Canceled
EGP2821,120,299,Canceled
EGP2822,120,264.5,Pending
EGP2823,120,299,Pending
EGP2824,120,299,Pending
EGP2825,120,149.5,Pending
EGP2826,120,149.5,Completed
EGP2827,120,264.5,Canceled
EGP2828,120,299,Canceled
EGP2829,120,264.5,Completed
EGP2830,120,264.5,Pending
EGP2831,120,264.5,Pending
EGP2832,120,299,Canceled
EGP2833,120,264.5,Canceled
EGP2834,120,299,Completed
EGP2835,120,299,Canceled
EGP2836,120,299,Canceled
EGP2837,120,299,Pending
EGP2838,120,264.5,Pending
EGP2839,120,299,Canceled
EGP2840,120,264.5,Completed
EGP2841,120,299,Completed
EGP2842,120,264.5,Completed
EGP2843,120,264.5,Pending
EGP2844,120,264.5,Canceled
EGP2845,120,264.5,Pending
EGP2846,120,264.5,Canceled
EGP2847,120,149.5,Pending
EGP2848,120,149.5,Pending
EGP2849,120,299,Pending
EGP2850,120,149.5,Canceled
EGP2851,120,264.5,Completed
EGP2852,120,299,Pending
EGP2853,120,149.5,Completed
EGP2854,120,149.5,Completed
EGP2855,120,299,Canceled
EGP2856,120,149.5,Pending
EGP2857,120,264.5,Canceled
EGP2858,120,299,Pending
EGP2859,120,299,Canceled
EGP2860,120,299,Completed
EGP2861,120,299,Completed
EGP2862,120,264.5,Completed
EGP2863,120,264.5,Canceled
EGP2864,120,149.5,Pending
EGP2865,120,299,Completed
EGP2866,120,149.5,Completed
EGP2867,120,299,Completed
EGP2868,120,264.5,Completed
EGP2869,120,264.5,Completed
EGP2870,120,264.5,Completed
EGP2871,120,299,Canceled
EGP2872,120,299,Canceled
EGP2873,120,299,Canceled
EGP2874,120,299,Completed
EGP2875,120,149.5,Completed
EGP2876,120,299,Canceled
EGP2877,120,264.5,Pending
EGP2878,120,264.5,Canceled
EGP2879,120,149.5,Completed
EGP2880,120,264.5,Pending
EGP2881,120,264.5,Canceled
EGP2882,120,264.5,Canceled
EGP2883,120,299,Pending
EGP2884,120,264.5,Pending
EGP2885,120,299,Completed
EGP2886,120,149.5,Pending
EGP2887,120,299,Canceled
EGP2888,120,299,Canceled
EGP2889,120,149.5,Canceled
EGP2890,120,264.5,Canceled
EGP2891,120,299,Completed
EGP2892,120,299,Pending
EGP2893,120,149.5,Completed
EGP2894,120,299,Completed
EGP2895,120,149.5,Canceled
EGP2896,120,264.5,Completed
EGP2897,120,299,Canceled
EGP2898,120,264.5,Canceled
EGP2899,120,299,Pending
EGP2900,120,149.5,Canceled
EGP2901,120,299,Canceled
EGP2902,120,299,Completed
EGP2903,120,299,Canceled
EGP2904,120,299,Completed
EGP2905,120,149.5,Completed
EGP2906,120,299,Pending
EGP2907,120,299,Pending
EGP2908,120,299,Canceled
EGP2909,120,299,Canceled
EGP2910,120,299,Pending
EGP2911,120,299,Completed
EGP2912,120,264.5,Completed
EGP2913,120,299,Completed
EGP2914,120,299,Canceled
EGP2915,120,299,Completed
EGP2916,120,264.5,Pending
EGP2917,120,264.5,Canceled
EGP2918,120,299,Completed
EGP2919,120,299,Canceled
EGP2920,120,299,Canceled
EGP2921,120,299,Completed
EGP2922,120,299,Canceled
EGP2923,120,264.5,Completed
EGP2924,120,299,Completed
EGP2925,120,264.5,Completed
EGP2926,120,149.5,Canceled
EGP2927,120,264.5,Canceled
EGP2928,120,264.5,Completed
EGP2929,120,149.5,Canceled
EGP2930,120,149.5,Completed
EGP2931,120,299,Pending
EGP2932,120,264.5,Pending
EGP2933,120,299,Pending
EGP2934,120,149.5,Completed
EGP2935,120,299,Completed
EGP2936,120,299,Pending
EGP2937,120,264.5,Completed
EGP2938,120,299,Canceled
EGP2939,120,264.5,Completed
EGP2940,120,264.5,Canceled
EGP2941,120,299,Pending
EGP2942,120,149.5,Completed
EGP2943,120,299,Canceled
EGP2944,120,149.5,Canceled
EGP2945,120,264.5,Pending
EGP2946,120,299,Pending
EGP2947,120,264.5,Canceled
EGP2948,120,149.5,Canceled
EGP2949,120,299,Pending
EGP2950,120,149.5,Canceled
EGP2951,120,299,Pending
EGP2952,120,264.5,Canceled
EGP2953,120,149.5,Pending
EGP2954,120,149.5,Completed
EGP2955,120,264.5,Pending
EGP2956,120,149.5,Pending
EGP2957,120,264.5,Pending
EGP2958,120,264.5,Pending
EGP2959,120,149.5,Canceled
EGP2960,120,149.5,Canceled
EGP2961,120,264.5,Completed
EGP2962,120,299,Completed
EGP2963,120,299,Canceled
EGP2964,120,149.5,Completed
EGP2965,120,149.5,Canceled
EGP2966,120,149.5,Completed
EGP2967,120,149.5,Completed
EGP2968,120,149.5,Completed
EGP2969,120,149.5,Pending
EGP2970,120,149.5,Canceled
EGP2971,120,299,Pending
EGP2972,120,299,Completed
EGP2973,120,149.5,Canceled
EGP2974,120,299,Completed
EGP2975,120,149.5,Completed
EGP2976,120,149.5,Pending
EGP2977,120,149.5,Completed
EGP2978,120,149.5,Completed
EGP2979,120,264.5,Canceled
EGP2980,120,149.5,Pending
EGP2981,120,149.5,Pending
EGP2982,120,149.5,Completed
EGP2983,120,149.5,Canceled
EGP2984,120,299,Canceled
EGP2985,120,299,Completed
EGP2986,120,264.5,Canceled
EGP2987,120,299,Completed
EGP2988,120,299,Completed
EGP2989,120,264.5,Completed
EGP2990,120,149.5,Completed
EGP2991,120,299,Canceled
EGP2992,120,149.5,Completed
EGP2993,120,149.5,Completed
EGP2994,120,149.5,Completed
EGP2995,120,299,Pending
EGP2996,120,299,Pending
EGP2997,120,149.5,Canceled
EGP2998,120,149.5,Pending
EGP2999,120,149.5,Canceled
EGP3000,120,149.5,Completed
EGP3001,120,299,Completed
EGP3002,120,299,Completed
EGP3003,120,264.5,Completed
EGP3004,120,149.5,Canceled
EGP3005,120,264.5,Canceled
EGP3006,120,264.5,Pending
EGP3007,120,149.5,Canceled
EGP3008,120,299,Pending
EGP3009,120,149.5,Completed
EGP3010,120,264.5,Completed
EGP3011,120,149.5,Completed
EGP3012,120,149.5,Pending
EGP3013,120,299,Pending
EGP3014,120,264.5,Canceled
EGP3015,120,149.5,Canceled
EGP3016,120,149.5,Pending
EGP3017,120,299,Canceled
EGP3018,120,264.5,Pending
EGP3019,120,149.5,Canceled
EGP3020,120,299,Canceled
EGP3021,120,264.5,Pending
EGP3022,120,264.5,Pending
EGP3023,120,299,Pending
EGP3024,120,149.5,Canceled
EGP3025,120,299,Canceled
EGP3026,120,299,Completed
EGP3027,120,149.5,Canceled
EGP3028,120,299,Pending
EGP3029,120,149.5,Completed
EGP3030,120,264.5,Pending
EGP3031,120,299,Pending
EGP3032,120,264.5,Pending
EGP3033,120,299,Completed
EGP3034,120,149.5,Canceled
EGP3035,120,149.5,Pending
EGP3036,120,299,Pending
EGP3037,120,264.5,Pending
EGP3038,120,264.5,Canceled
EGP3039,120,149.5,Completed
EGP3040,120,264.5,Completed
EGP3041,120,299,Completed
EGP3042,120,149.5,Canceled
EGP3043,120,264.5,Canceled
EGP3044,120,264.5,Canceled
EGP3045,120,264.5,Pending
EGP3046,120,299,Canceled
EGP3047,120,264.5,Pending
EGP3048,120,149.5,Canceled
EGP3049,120,299,Canceled
EGP3050,120,149.5,Canceled
EGP3051,120,149.5,Canceled
EGP3052,120,299,Completed
EGP3053,120,299,Completed
EGP3054,120,299,Completed
EGP3055,120,264.5,Pending
EGP3056,120,149.5,Completed
EGP3057,120,299,Canceled
EGP3058,120,299,Completed
EGP3059,120,299,Canceled
EGP3060,120,149.5,Completed
EGP3061,120,299,Pending
EGP3062,120,264.5,Canceled
EGP3063,120,299,Pending
EGP3064,120,299,Pending
EGP3065,120,299,Pending
EGP3066,120,149.5,Completed
EGP3067,120,299,Canceled
EGP3068,120,299,Pending
EGP3069,120,149.5,Pending
EGP3070,120,299,Canceled
EGP3071,120,299,Completed
EGP3072,120,264.5,Pending
EGP3073,120,149.5,Pending
EGP3074,120,149.5,Canceled
EGP3075,120,149.5,Canceled
EGP3076,120,149.5,Pending
EGP3077,120,264.5,Canceled
EGP3078,120,149.5,Canceled
EGP3079,120,264.5,Canceled
EGP3080,120,264.5,Canceled
EGP3081,120,149.5,Completed
EGP3082,120,299,Completed
EGP3083,120,264.5,Completed
EGP3084,120,149.5,Canceled
EGP3085,120,299,Canceled
EGP3086,120,264.5,Pending
EGP3087,120,149.5,Completed
EGP3088,120,264.5,Pending
EGP3089,120,299,Pending
EGP3090,120,264.5,Completed
EGP3091,120,149.5,Pending
EGP3092,120,264.5,Pending
EGP3093,120,299,Completed
EGP3094,120,149.5,Pending
EGP3095,120,299,Completed
EGP3096,120,264.5,Pending
EGP3097,120,299,Canceled
EGP3098,120,149.5,Pending
EGP3099,120,149.5,Canceled
EGP3100,120,299,Canceled
EGP3101,120,149.5,Pending
EGP3102,120,264.5,Completed
EGP3103,120,149.5,Canceled
EGP3104,120,264.5,Canceled
EGP3105,120,264.5,Canceled
EGP3106,120,299,Pending
EGP3107,120,149.5,Pending
EGP3108,120,264.5,Completed
EGP3109,120,149.5,Pending
EGP3110,120,264.5,Pending
EGP3111,120,264.5,Canceled
EGP3112,120,149.5,Canceled
EGP3113,120,149.5,Completed
EGP3114,120,299,Canceled
EGP3115,120,264.5,Pending
EGP3116,120,264.5,Pending
EGP3117,120,149.5,Completed
EGP3118,120,299,Completed
EGP3119,120,299,Completed
EGP3120,120,264.5,Completed
EGP3121,120,149.5,Canceled
EGP3122,120,149.5,Canceled
EGP3123,120,149.5,Pending
EGP3124,120,264.5,Canceled
EGP3125,120,149.5,Pending
EGP3126,120,299,Canceled
EGP3127,120,149.5,Pending
EGP3128,120,299,Pending
EGP3129,120,264.5,Pending
EGP3130,120,149.5,Pending
EGP3131,120,149.5,Canceled
EGP3132,120,264.5,Pending
EGP3133,120,149.5,Completed
EGP3134,120,149.5,Pending
EGP3135,120,149.5,Pending
EGP3136,120,149.5,Pending
EGP3137,120,299,Completed
EGP3138,120,264.5,Pending
EGP3139,120,149.5,Pending
EGP3140,120,299,Completed
EGP3141,120,299,Completed
EGP3142,120,149.5,Pending
EGP3143,120,149.5,Canceled
EGP3144,120,299,Canceled
EGP3145,120,299,Pending
EGP3146,120,299,Canceled
EGP3147,120,264.5,Canceled
EGP3148,120,264.5,Completed
EGP3149,120,299,Pending
EGP3150,120,299,Pending
EGP3151,120,264.5,Completed
EGP3152,120,264.5,Canceled
EGP3153,120,149.5,Completed
EGP3154,120,264.5,Pending
EGP3155,120,149.5,Completed
EGP3156,120,264.5,Completed
EGP3157,120,149.5,Pending
EGP3158,120,299,Completed
EGP3159,120,299,Canceled
EGP3160,120,264.5,Canceled
EGP3161,120,264.5,Completed
EGP3162,120,149.5,Pending
EGP3163,120,299,Canceled
EGP3164,120,149.5,Pending
EGP3165,120,149.5,Canceled
EGP3166,120,299,Pending
EGP3167,120,264.5,Pending
EGP3168,120,299,Pending
EGP3169,120,264.5,Canceled
EGP3170,120,264.5,Pending
EGP3171,120,264.5,Pending
EGP3172,120,264.5,Canceled
EGP3173,120,149.5,Pending
EGP3174,120,264.5,Canceled
EGP3175,120,264.5,Pending
EGP3176,120,149.5,Completed
EGP3177,120,299,Completed
EGP3178,120,264.5,Pending
EGP3179,120,264.5,Canceled
EGP3180,120,149.5,Pending
EGP3181,120,264.5,Completed
EGP3182,120,299,Pending
EGP3183,120,149.5,Completed
EGP3184,120,299,Completed
EGP3185,120,264.5,Canceled
EGP3186,120,299,Completed
EGP3187,120,149.5,Completed
EGP3188,120,264.5,Pending
EGP3189,120,149.5,Pending
EGP3190,120,149.5,Completed
EGP3191,120,299,Completed
EGP3192,120,149.5,Canceled
EGP3193,120,149.5,Pending
EGP3194,120,264.5,Canceled
EGP3195,120,299,Pending
EGP3196,120,149.5,Pending
EGP3197,120,149.5,Pending
EGP3198,120,299,Canceled
EGP3199,120,264.5,Pending
EGP3200,120,299,Completed
EGP3201,120,264.5,Completed
EGP3202,120,299,Pending
EGP3203,120,264.5,Pending
EGP3204,120,149.5,Canceled
EGP3205,120,299,Completed
EGP3206,120,299,Completed
EGP3207,120,149.5,Pending
EGP3208,120,149.5,Canceled
EGP3209,120,299,Completed
EGP3210,120,264.5,Canceled
EGP3211,120,264.5,Pending
EGP3212,120,149.5,Canceled
EGP3213,120,299,Pending
EGP3214,120,264.5,Pending
EGP3215,120,149.5,Pending
EGP3216,120,264.5,Canceled
EGP3217,120,149.5,Pending
EGP3218,120,149.5,Pending
EGP3219,120,149.5,Canceled
EGP3220,120,264.5,Pending
EGP3221,120,299,Pending
EGP3222,120,299,Completed
EGP3223,120,264.5,Pending
EGP3224,120,149.5,Canceled
EGP3225,120,264.5,Completed
EGP3226,120,264.5,Completed
EGP3227,120,299,Pending
EGP3228,120,149.5,Completed
EGP3229,120,299,Completed
EGP3230,120,149.5,Canceled
EGP3231,120,264.5,Canceled
EGP3232,120,264.5,Pending
EGP3233,120,264.5,Pending
EGP3234,120,299,Completed
EGP3235,120,299,Pending
EGP3236,120,149.5,Completed
EGP3237,120,299,Completed
EGP3238,120,264.5,Completed
EGP3239,120,299,Canceled
EGP3240,120,299,Pending
EGP3241,120,299,Canceled
EGP3242,120,264.5,Completed
EGP3243,120,149.5,Pending
EGP3244,120,264.5,Completed
EGP3245,120,299,Canceled
EGP3246,120,149.5,Completed
EGP3247,120,149.5,Canceled
EGP3248,120,299,Canceled
EGP3249,120,299,Pending
EGP3250,120,149.5,Pending
EGP3251,120,299,Canceled
EGP3252,120,299,Completed
EGP3253,120,264.5,Pending
EGP3254,120,149.5,Pending
EGP3255,120,299,Completed
EGP3256,120,299,Canceled
EGP3257,120,264.5,Pending
EGP3258,120,299,Canceled
EGP3259,120,264.5,Completed
EGP3260,120,299,Completed
EGP3261,120,299,Pending
EGP3262,120,264.5,Canceled
EGP3263,120,264.5,Canceled
EGP3264,120,299,Completed
EGP3265,120,299,Canceled
EGP3266,120,299,Canceled
EGP3267,120,149.5,Pending
EGP3268,120,149.5,Canceled
EGP3269,120,299,Completed
EGP3270,120,149.5,Completed
EGP3271,120,149.5,Pending
EGP3272,120,149.5,Completed
EGP3273,120,149.5,Pending
EGP3274,120,299,Pending
EGP3275,120,299,Completed
EGP3276,120,149.5,Canceled
EGP3277,120,299,Canceled
EGP3278,120,299,Pending
EGP3279,120,264.5,Pending
EGP3280,120,299,Completed
EGP3281,120,264.5,Canceled
EGP3282,120,299,Canceled
EGP3283,120,299,Pending
EGP3284,120,299,Completed
EGP3285,120,264.5,Pending
EGP3286,120,299,Pending
EGP3287,120,264.5,Canceled
EGP3288,120,264.5,Completed
EGP3289,120,299,Pending
EGP3290,120,299,Completed
EGP3291,120,299,Canceled
EGP3292,120,264.5,Completed
EGP3293,120,299,Pending
EGP3294,120,299,Canceled
EGP3295,120,149.5,Canceled
EGP3296,120,299,Canceled
EGP3297,120,149.5,Completed
EGP3298,120,264.5,Pending
EGP3299,120,149.5,Pending
EGP3300,120,264.5,Canceled
EGP3301,120,149.5,Pending
EGP3302,120,149.5,Canceled
EGP3303,120,149.5,Pending
EGP3304,120,264.5,Completed
EGP3305,120,299,Pending
EGP3306,120,299,Canceled
EGP3307,120,299,Completed
EGP3308,120,299,Canceled
EGP3309,120,264.5,Completed
EGP3310,120,149.5,Completed
EGP3311,120,264.5,Pending
EGP3312,120,149.5,Canceled
EGP3313,120,264.5,Canceled
EGP3314,120,264.5,Pending
EGP3315,120,149.5,Pending
EGP3316,120,264.5,Pending
EGP3317,120,299,Completed
EGP3318,120,264.5,Canceled
EGP3319,120,299,Pending
EGP3320,120,264.5,Completed
EGP3321,120,299,Canceled
EGP3322,120,299,Canceled
EGP3323,120,299,Pending
EGP3324,120,264.5,Pending
EGP3325,120,264.5,Pending
EGP3326,120,264.5,Completed
EGP3327,120,264.5,Completed
EGP3328,120,264.5,Completed
EGP3329,120,299,Canceled
EGP3330,120,149.5,Canceled
EGP3331,120,264.5,Completed
EGP3332,120,149.5,Pending
EGP3333,120,299,Pending
EGP3334,120,299,Canceled
EGP3335,120,149.5,Canceled
EGP3336,120,264.5,Completed
EGP3337,120,264.5,Canceled
EGP3338,120,264.5,Completed
EGP3339,120,149.5,Canceled
EGP3340,120,149.5,Completed
EGP3341,120,149.5,Canceled
EGP3342,120,264.5,Pending
EGP3343,120,299,Completed
EGP3344,120,149.5,Pending
EGP3345,120,264.5,Completed
EGP3346,120,299,Pending
EGP3347,120,299,Canceled
EGP3348,120,264.5,Completed
EGP3349,120,299,Completed
EGP3350,120,264.5,Pending
EGP3351,120,149.5,Canceled
EGP3352,120,264.5,Completed
EGP3353,120,149.5,Pending
EGP3354,120,264.5,Completed
EGP3355,120,264.5,Completed
EGP3356,120,299,Pending
EGP3357,120,149.5,Pending
EGP3358,120,299,Pending
EGP3359,120,149.5,Canceled
EGP3360,120,264.5,Completed
EGP3361,120,299,Pending
EGP3362,120,299,Canceled
EGP3363,120,149.5,Completed
EGP3364,120,299,Pending
EGP3365,120,264.5,Completed
EGP3366,120,264.5,Pending
EGP3367,120,264.5,Canceled
EGP3368,120,264.5,Pending
EGP3369,120,149.5,Canceled
EGP3370,120,264.5,Canceled
EGP3371,120,299,Pending
EGP3372,120,264.5,Completed
EGP3373,120,264.5,Pending
EGP3374,120,299,Canceled
EGP3375,120,299,Pending
EGP3376,120,149.5,Canceled
EGP3377,120,149.5,Canceled
EGP3378,120,149.5,Pending
EGP3379,120,264.5,Canceled
EGP3380,120,264.5,Canceled
EGP3381,120,264.5,Completed
EGP3382,120,299,Canceled
EGP3383,120,264.5,Canceled
EGP3384,120,299,Canceled
EGP3385,120,264.5,Canceled
EGP3386,120,149.5,Canceled
EGP3387,120,299,Completed
EGP3388,120,299,Completed
EGP3389,120,299,Completed
EGP3390,120,264.5,Pending
EGP3391,120,149.5,Completed
EGP3392,120,264.5,Completed
EGP3393,120,299,Pending
EGP3394,120,299,Completed
EGP3395,120,299,Completed
EGP3396,120,264.5,Pending
EGP3397,120,264.5,Completed
EGP3398,120,264.5,Completed
EGP3399,120,299,Pending
EGP3400,120,149.5,Pending
EGP3401,120,264.5,Pending
EGP3402,120,299,Canceled
EGP3403,120,149.5,Canceled
EGP3404,120,299,Completed
EGP3405,120,264.5,Completed
EGP3406,120,299,Completed
EGP3407,120,149.5,Canceled
EGP3408,120,264.5,Pending
EGP3409,120,149.5,Pending
EGP3410,120,149.5,Canceled
EGP3411,120,149.5,Pending
EGP3412,120,299,Completed
EGP3413,120,264.5,Completed
EGP3414,120,299,Completed
EGP3415,120,149.5,Pending
EGP3416,120,264.5,Pending
EGP3417,120,149.5,Completed
EGP3418,120,264.5,Canceled
EGP3419,120,299,Pending
EGP3420,120,264.5,Pending
EGP3421,120,149.5,Pending
EGP3422,120,264.5,Completed
EGP3423,120,149.5,Pending
EGP3424,120,149.5,Pending
EGP3425,120,264.5,Canceled
EGP3426,120,299,Pending
EGP3427,120,299,Completed
EGP3428,120,299,Completed
EGP3429,120,149.5,Canceled
EGP3430,120,264.5,Canceled
EGP3431,120,299,Completed
EGP3432,120,149.5,Completed
EGP3433,120,149.5,Canceled
EGP3434,120,299,Completed
EGP3435,120,264.5,Pending
EGP3436,120,264.5,Canceled
EGP3437,120,299,Canceled
EGP3438,120,149.5,Pending
EGP3439,120,299,Canceled
EGP3440,120,149.5,Completed
EGP3441,120,149.5,Completed
EGP3442,120,149.5,Completed
EGP3443,120,299,Completed
EGP3444,120,149.5,Pending
EGP3445,120,264.5,Completed
EGP3446,120,299,Completed
EGP3447,120,149.5,Pending
EGP3448,120,264.5,Pending
EGP3449,120,264.5,Completed
EGP3450,120,264.5,Pending
EGP3451,120,149.5,Completed
EGP3452,120,299,Canceled
EGP3453,120,149.5,Pending
EGP3454,120,264.5,Completed
EGP3455,120,299,Completed
EGP3456,120,299,Completed
EGP3457,120,264.5,Canceled
EGP3458,120,264.5,Completed
EGP3459,120,264.5,Pending
EGP3460,120,149.5,Canceled
EGP3461,120,149.5,Pending
EGP3462,120,149.5,Canceled
EGP3463,120,264.5,Canceled
EGP3464,120,299,Completed
EGP3465,120,149.5,Completed
EGP3466,120,149.5,Pending
EGP3467,120,264.5,Canceled
EGP3468,120,264.5,Canceled
EGP3469,120,149.5,Completed
EGP3470,120,149.5,Completed
EGP3471,120,149.5,Canceled
EGP3472,120,264.5,Pending
EGP3473,120,299,Completed
EGP3474,120,149.5,Pending
EGP3475,120,264.5,Completed
EGP3476,120,299,Canceled
EGP3477,120,264.5,Completed
EGP3478,120,299,Completed
EGP3479,120,299,Pending
EGP3480,120,264.5,Completed
EGP3481,120,299,Pending
EGP3482,120,264.5,Canceled
EGP3483,120,299,Canceled
EGP3484,120,264.5,Canceled
EGP3485,120,149.5,Canceled
EGP3486,120,264.5,Pending
EGP3487,120,299,Completed
EGP3488,120,149.5,Canceled
EGP3489,120,149.5,Canceled
EGP3490,120,264.5,Canceled
EGP3491,120,149.5,Pending
EGP3492,120,149.5,Completed
EGP3493,120,299,Canceled
EGP3494,120,299,Pending
EGP3495,120,299,Completed
EGP3496,120,149.5,Canceled
EGP3497,120,264.5,Completed
EGP3498,120,264.5,Completed
EGP3499,120,264.5,Completed
EGP3500,120,149.5,Pending
EGP3501,120,149.5,Pending
EGP3502,120,149.5,Canceled
EGP3503,120,149.5,Pending
EGP3504,120,149.5,Canceled
EGP3505,120,264.5,Pending
EGP3506,120,149.5,Canceled
EGP3507,120,149.5,Pending
EGP3508,120,149.5,Canceled
EGP3509,120,149.5,Pending
EGP3510,120,149.5,Canceled
EGP3511,120,149.5,Canceled
EGP3512,120,264.5,Completed
EGP3513,120,264.5,Completed
EGP3514,120,264.5,Canceled
EGP3515,120,299,Pending
EGP3516,120,264.5,Canceled
EGP3517,120,299,Completed
EGP3518,120,149.5,Canceled
EGP3519,120,299,Pending
EGP3520,120,264.5,Pending
EGP3521,120,149.5,Canceled
EGP3522,120,264.5,Pending
EGP3523,120,299,Pending
EGP3524,120,149.5,Completed
EGP3525,120,264.5,Canceled
EGP3526,120,264.5,Pending
EGP3527,120,299,Canceled
EGP3528,120,299,Canceled
EGP3529,120,149.5,Pending
EGP3530,120,299,Completed
EGP3531,120,149.5,Canceled
EGP3532,120,264.5,Pending
EGP3533,120,149.5,Canceled
EGP3534,120,299,Canceled
EGP3535,120,264.5,Completed
EGP3536,120,299,Canceled
EGP3537,120,149.5,Canceled
EGP3538,120,149.5,Completed
EGP3539,120,299,Canceled
EGP3540,120,149.5,Pending
EGP3541,120,299,Canceled
EGP3542,120,299,Pending
EGP3543,120,149.5,Pending
EGP3544,120,299,Canceled
EGP3545,120,299,Canceled
EGP3546,120,149.5,Completed
EGP3547,120,149.5,Pending
EGP3548,120,149.5,Completed
EGP3549,120,264.5,Pending
EGP3550,120,299,Completed
EGP3551,120,264.5,Pending
EGP3552,120,149.5,Pending
EGP3553,120,149.5,Completed
EGP3554,120,299,Canceled
EGP3555,120,299,Completed
EGP3556,120,149.5,Completed
EGP3557,120,149.5,Completed
EGP3558,120,264.5,Pending
EGP3559,120,264.5,Pending
EGP3560,120,264.5,Pending
EGP3561,120,299,Canceled
EGP3562,120,299,Completed
EGP3563,120,299,Completed
EGP3564,120,299,Completed
EGP3565,120,264.5,Canceled
EGP3566,120,264.5,Completed
EGP3567,120,149.5,Pending
EGP3568,120,264.5,Pending
EGP3569,120,264.5,Completed
EGP3570,120,149.5,Pending
EGP3571,120,264.5,Canceled
EGP3572,120,299,Completed
EGP3573,120,264.5,Completed
EGP3574,120,149.5,Pending
EGP3575,120,264.5,Canceled
EGP3576,120,264.5,Canceled
EGP3577,120,299,Completed
EGP3578,120,149.5,Canceled
EGP3579,120,299,Pending
EGP3580,120,149.5,Pending
EGP3581,120,149.5,Pending
EGP3582,120,264.5,Pending
EGP3583,120,299,Pending
EGP3584,120,264.5,Completed
EGP3585,120,264.5,Pending
EGP3586,120,299,Pending
EGP3587,120,264.5,Canceled
EGP3588,120,264.5,Completed
EGP3589,120,264.5,Canceled
EGP3590,120,299,Canceled
EGP3591,120,264.5,Completed
EGP3592,120,299,Completed
EGP3593,120,299,Completed
EGP3594,120,149.5,Canceled
EGP3595,120,299,Completed
EGP3596,120,149.5,Pending
EGP3597,120,149.5,Pending
EGP3598,120,149.5,Completed
EGP3599,120,299,Completed
EGP3600,120,149.5,Completed
EGP3601,120,299,Pending
EGP3602,120,149.5,Completed
EGP3603,120,299,Completed
EGP3604,120,264.5,Canceled
EGP3605,120,299,Canceled
EGP3606,120,299,Pending
EGP3607,120,299,Canceled
EGP3608,120,264.5,Completed
EGP3609,120,149.5,Completed
EGP3610,120,299,Completed
EGP3611,120,299,Canceled
EGP3612,120,149.5,Completed
EGP3613,120,264.5,Completed
EGP3614,120,149.5,Completed
EGP3615,120,299,Completed
EGP3616,120,149.5,Canceled
EGP3617,120,299,Pending
EGP3618,120,149.5,Pending
EGP3619,120,299,Completed
EGP3620,120,149.5,Pending
EGP3621,120,149.5,Completed
EGP3622,120,264.5,Pending
EGP3623,120,264.5,Completed
EGP3624,120,299,Canceled
EGP3625,120,149.5,Canceled
EGP3626,120,299,Completed
EGP3627,120,149.5,Canceled
EGP3628,120,264.5,Pending
EGP3629,120,264.5,Completed
EGP3630,120,264.5,Completed
EGP3631,120,264.5,Canceled
EGP3632,120,149.5,Canceled
EGP3633,120,149.5,Completed
EGP3634,120,149.5,Completed
EGP3635,120,149.5,Pending
EGP3636,120,264.5,Completed
EGP3637,120,299,Pending
EGP3638,120,299,Pending
EGP3639,120,299,Completed
EGP3640,120,299,Canceled
EGP3641,120,264.5,Completed
EGP3642,120,264.5,Completed
EGP3643,120,299,Canceled
EGP3644,120,264.5,Completed
EGP3645,120,149.5,Pending
EGP3646,120,149.5,Completed
EGP3647,120,299,Canceled
EGP3648,120,299,Canceled
EGP3649,120,299,Pending
EGP3650,120,264.5,Completed
EGP3651,120,149.5,Pending
EGP3652,120,149.5,Canceled
EGP3653,120,149.5,Pending
EGP3654,120,149.5,Canceled
EGP3655,120,264.5,Completed
EGP3656,120,264.5,Canceled
EGP3657,120,299,Pending
EGP3658,120,149.5,Canceled
EGP3659,120,149.5,Pending
EGP3660,120,264.5,Pending
EGP3661,120,149.5,Completed
EGP3662,120,149.5,Canceled
EGP3663,120,149.5,Completed
EGP3664,120,149.5,Pending
EGP3665,120,149.5,Completed
EGP3666,120,264.5,Canceled
EGP3667,120,264.5,Canceled
EGP3668,120,299,Canceled
EGP3669,120,149.5,Completed
EGP3670,120,299,Canceled
EGP3671,120,149.5,Completed
EGP3672,120,264.5,Pending
EGP3673,120,149.5,Completed
EGP3674,120,264.5,Pending
EGP3675,120,299,Completed
EGP3676,120,299,Completed
EGP3677,120,264.5,Canceled
EGP3678,120,264.5,Canceled
EGP3679,120,264.5,Pending
EGP3680,120,299,Canceled
EGP3681,120,264.5,Completed
EGP3682,120,264.5,Pending
EGP3683,120,299,Completed
EGP3684,120,264.5,Pending
EGP3685,120,299,Completed
EGP3686,120,299,Canceled
EGP3687,120,299,Completed
EGP3688,120,299,Canceled
EGP3689,120,149.5,Pending
EGP3690,120,299,Completed
EGP3691,120,149.5,Canceled
EGP3692,120,149.5,Canceled
EGP3693,120,299,Pending
EGP3694,120,149.5,Pending
EGP3695,120,299,Canceled
EGP3696,120,264.5,Pending
EGP3697,120,299,Completed
EGP3698,120,264.5,Pending
EGP3699,120,149.5,Completed
EGP3700,120,299,Pending
EGP3701,120,264.5,Completed
EGP3702,120,299,Canceled
EGP3703,120,149.5,Pending
EGP3704,120,149.5,Completed
EGP3705,120,149.5,Canceled
EGP3706,120,299,Pending
EGP3707,120,264.5,Canceled
EGP3708,120,264.5,Canceled
EGP3709,120,264.5,Pending
EGP3710,120,149.5,Pending
EGP3711,120,264.5,Completed
EGP3712,120,264.5,Completed
EGP3713,120,149.5,Pending
EGP3714,120,149.5,Pending
EGP3715,120,264.5,Canceled
EGP3716,120,299,Pending
EGP3717,120,264.5,Completed
EGP3718,120,264.5,Canceled
EGP3719,120,149.5,Canceled
EGP3720,120,149.5,Completed
EGP3721,120,299,Pending
EGP3722,120,299,Completed
EGP3723,120,299,Completed
EGP3724,120,299,Canceled
EGP3725,120,299,Completed
EGP3726,120,149.5,Pending
EGP3727,120,299,Pending
EGP3728,120,299,Canceled
EGP3729,120,149.5,Canceled
EGP3730,120,264.5,Pending
EGP3731,120,299,Completed
EGP3732,120,149.5,Pending
EGP3733,120,149.5,Completed
EGP3734,120,264.5,Completed
EGP3735,120,264.5,Completed
EGP3736,120,264.5,Canceled
EGP3737,120,149.5,Pending
EGP3738,120,149.5,Canceled
EGP3739,120,149.5,Completed
EGP3740,120,149.5,Pending
EGP3741,120,299,Canceled
EGP3742,120,264.5,Completed
EGP3743,120,149.5,Canceled
EGP3744,120,299,Completed
EGP3745,120,299,Completed
EGP3746,120,299,Completed
EGP3747,120,299,Canceled
EGP3748,120,149.5,Completed
EGP3749,120,264.5,Canceled
EGP3750,120,299,Completed
EGP3751,120,299,Canceled
EGP3752,120,149.5,Completed
EGP3753,120,149.5,Canceled
EGP3754,120,299,Pending
EGP3755,120,264.5,Completed
EGP3756,120,149.5,Canceled
EGP3757,120,149.5,Canceled
EGP3758,120,299,Pending
EGP3759,120,264.5,Canceled
EGP3760,120,264.5,Pending
EGP3761,120,299,Canceled
EGP3762,120,299,Completed
EGP3763,120,264.5,Pending
EGP3764,120,299,Pending
EGP3765,120,299,Completed
EGP3766,120,264.5,Pending
EGP3767,120,264.5,Completed
EGP3768,120,264.5,Pending
EGP3769,120,264.5,Pending
EGP3770,120,149.5,Canceled
EGP3771,120,149.5,Completed
EGP3772,120,299,Canceled
EGP3773,120,149.5,Canceled
EGP3774,120,149.5,Pending
EGP3775,120,299,Canceled
EGP3776,120,264.5,Completed
EGP3777,120,299,Canceled
EGP3778,120,299,Completed
EGP3779,120,264.5,Canceled
EGP3780,120,264.5,Pending
EGP3781,120,264.5,Canceled
EGP3782,120,264.5,Canceled
EGP3783,120,299,Pending
EGP3784,120,264.5,Pending
EGP3785,120,149.5,Canceled
EGP3786,120,299,Pending
EGP3787,120,149.5,Canceled
EGP3788,120,299,Completed
EGP3789,120,299,Pending
EGP3790,120,299,Canceled
EGP3791,120,299,Canceled
EGP3792,120,264.5,Pending
EGP3793,120,299,Completed
EGP3794,120,299,Canceled
EGP3795,120,299,Pending
EGP3796,120,149.5,Pending
EGP3797,120,264.5,Canceled
EGP3798,120,149.5,Canceled
EGP3799,120,264.5,Pending
EGP3800,120,264.5,Pending
EGP3801,120,299,Pending
EGP3802,120,264.5,Canceled
EGP3803,120,264.5,Canceled
EGP3804,120,264.5,Canceled
EGP3805,120,299,Completed
EGP3806,120,149.5,Pending
EGP3807,120,149.5,Completed
EGP3808,120,299,Pending
EGP3809,120,299,Completed
EGP3810,120,299,Canceled
EGP3811,120,299,Canceled
EGP3812,120,299,Completed
EGP3813,120,149.5,Completed
EGP3814,120,264.5,Canceled
EGP3815,120,299,Pending
EGP3816,120,149.5,Canceled
EGP3817,120,149.5,Canceled
EGP3818,120,299,Pending
EGP3819,120,149.5,Pending
EGP3820,120,149.5,Pending
EGP3821,120,299,Pending
EGP3822,120,264.5,Completed
EGP3823,120,299,Completed
EGP3824,120,264.5,Canceled
EGP3825,120,299,Canceled
EGP3826,120,264.5,Canceled
EGP3827,120,299,Canceled
EGP3828,120,264.5,Canceled
EGP3829,120,264.5,Pending
EGP3830,120,299,Canceled
EGP3831,120,149.5,Canceled
EGP3832,120,149.5,Pending
EGP3833,120,264.5,Canceled
EGP3834,120,149.5,Completed
EGP3835,120,299,Canceled
EGP3836,120,149.5,Pending
EGP3837,120,149.5,Completed
EGP3838,120,149.5,Completed
EGP3839,120,299,Pending
EGP3840,120,149.5,Completed
EGP3841,120,299,Pending
EGP3842,120,264.5,Completed
EGP3843,120,264.5,Completed
EGP3844,120,149.5,Canceled
EGP3845,120,264.5,Canceled
EGP3846,120,264.5,Canceled
EGP3847,120,299,Canceled
EGP3848,120,149.5,Canceled
EGP3849,120,264.5,Completed
EGP3850,120,264.5,Canceled
EGP3851,120,299,Pending
EGP3852,120,299,Canceled
EGP3853,120,149.5,Completed
EGP3854,120,299,Pending
EGP3855,120,299,Completed
EGP3856,120,299,Completed
EGP3857,120,299,Pending
EGP3858,120,264.5,Pending
EGP3859,120,264.5,Canceled
EGP3860,120,264.5,Canceled
EGP3861,120,264.5,Pending
EGP3862,120,149.5,Canceled
EGP3863,120,149.5,Pending
EGP3864,120,264.5,Pending
EGP3865,120,149.5,Pending
EGP3866,120,149.5,Pending
EGP3867,120,299,Pending
EGP3868,120,264.5,Completed
EGP3869,120,149.5,Pending
EGP3870,120,264.5,Pending
EGP3871,120,264.5,Canceled
EGP3872,120,264.5,Pending
EGP3873,120,149.5,Pending
EGP3874,120,149.5,Completed
EGP3875,120,264.5,Pending
EGP3876,120,264.5,Canceled
EGP3877,120,149.5,Completed
EGP3878,120,299,Canceled
EGP3879,120,299,Canceled
EGP3880,120,264.5,Completed
EGP3881,120,264.5,Completed
EGP3882,120,264.5,Pending
EGP3883,120,149.5,Pending
EGP3884,120,264.5,Pending
EGP3885,120,264.5,Completed
EGP3886,120,264.5,Canceled
EGP3887,120,264.5,Canceled
EGP3888,120,264.5,Completed
EGP3889,120,264.5,Pending
EGP3890,120,299,Pending
EGP3891,120,149.5,Pending
EGP3892,120,149.5,Canceled
EGP3893,120,299,Canceled
EGP3894,120,299,Canceled
EGP3895,120,264.5,Pending
EGP3896,120,299,Completed
EGP3897,120,299,Canceled
EGP3898,120,149.5,Completed
EGP3899,120,299,Canceled
EGP3900,120,299,Pending
EGP3901,120,149.5,Pending
EGP3902,120,264.5,Completed
EGP3903,120,264.5,Canceled
EGP3904,120,264.5,Completed
EGP3905,120,149.5,Canceled
EGP3906,120,149.5,Completed
EGP3907,120,264.5,Completed
EGP3908,120,149.5,Canceled
EGP3909,120,149.5,Completed
EGP3910,120,264.5,Completed
EGP3911,120,299,Pending
EGP3912,120,299,Completed
EGP3913,120,299,Pending
EGP3914,120,264.5,Canceled
EGP3915,120,149.5,Canceled
EGP3916,120,299,Pending
EGP3917,120,299,Canceled
EGP3918,120,264.5,Canceled
EGP3919,120,299,Canceled
EGP3920,120,149.5,Completed
EGP3921,120,149.5,Canceled
EGP3922,120,149.5,Completed
EGP3923,120,299,Pending
EGP3924,120,149.5,Canceled
EGP3925,120,264.5,Canceled
EGP3926,120,149.5,Pending
EGP3927,120,264.5,Pending
EGP3928,120,149.5,Completed
EGP3929,120,149.5,Pending
EGP3930,120,149.5,Pending
EGP3931,120,264.5,Canceled
EGP3932,120,149.5,Pending
EGP3933,120,299,Pending
EGP3934,120,149.5,Completed
EGP3935,120,149.5,Canceled
EGP3936,120,299,Canceled
EGP3937,120,149.5,Canceled
EGP3938,120,299,Completed
EGP3939,120,264.5,Pending
EGP3940,120,264.5,Canceled
EGP3941,120,264.5,Canceled
EGP3942,120,149.5,Canceled
EGP3943,120,299,Canceled
EGP3944,120,264.5,Completed
EGP3945,120,149.5,Completed
EGP3946,120,264.5,Completed
EGP3947,120,264.5,Canceled
EGP3948,120,264.5,Pending
EGP3949,120,299,Pending
EGP3950,120,299,Completed
EGP3951,120,299,Completed
EGP3952,120,299,Canceled
EGP3953,120,299,Completed
EGP3954,120,299,Completed
EGP3955,120,264.5,Canceled
EGP3956,120,264.5,Canceled
EGP3957,120,149.5,Completed
EGP3958,120,149.5,Completed
EGP3959,120,264.5,Canceled
EGP3960,120,299,Canceled
EGP3961,120,299,Canceled
EGP3962,120,149.5,Completed
EGP3963,120,264.5,Completed
EGP3964,120,264.5,Canceled
EGP3965,120,149.5,Canceled
EGP3966,120,299,Completed
EGP3967,120,264.5,Canceled
EGP3968,120,149.5,Canceled
EGP3969,120,299,Pending
EGP3970,120,264.5,Canceled
EGP3971,120,299,Canceled
EGP3972,120,264.5,Completed
EGP3973,120,299,Pending
EGP3974,120,264.5,Canceled
EGP3975,120,299,Pending
EGP3976,120,264.5,Pending
EGP3977,120,149.5,Pending
EGP3978,120,149.5,Canceled
EGP3979,120,299,Canceled
EGP3980,120,149.5,Pending
EGP3981,120,264.5,Pending
EGP3982,120,149.5,Completed
EGP3983,120,264.5,Completed
EGP3984,120,264.5,Completed
EGP3985,120,299,Canceled
EGP3986,120,264.5,Canceled
EGP3987,120,149.5,Canceled
EGP3988,120,299,Pending
EGP3989,120,299,Canceled
EGP3990,120,264.5,Completed
EGP3991,120,299,Completed
EGP3992,120,299,Canceled
EGP3993,120,149.5,Pending
EGP3994,120,149.5,Canceled
EGP3995,120,264.5,Completed
EGP3996,120,149.5,Completed
EGP3997,120,299,Canceled
EGP3998,120,149.5,Completed
EGP3999,120,299,Completed
EGP4000,120,299,Pending
EGP4001,120,149.5,Canceled
EGP4002,120,149.5,Pending
EGP4003,120,264.5,Pending
EGP4004,120,264.5,Pending
EGP4005,120,299,Pending
EGP4006,120,299,Canceled
EGP4007,120,299,Completed
EGP4008,120,149.5,Completed
EGP4009,120,149.5,Completed
EGP4010,120,299,Pending
EGP4011,120,299,Completed
EGP4012,120,264.5,Canceled
EGP4013,120,299,Canceled
EGP4014,120,299,Pending
EGP4015,120,264.5,Completed
EGP4016,120,299,Completed
EGP4017,120,264.5,Completed
EGP4018,120,149.5,Canceled
EGP4019,120,299,Pending
EGP4020,120,264.5,Pending
EGP4021,120,299,Canceled
EGP4022,120,299,Canceled
EGP4023,120,264.5,Pending
EGP4024,120,299,Canceled
EGP4025,120,299,Pending
EGP4026,120,149.5,Completed
EGP4027,120,264.5,Pending
EGP4028,120,299,Canceled
EGP4029,120,149.5,Pending
EGP4030,120,149.5,Pending
EGP4031,120,264.5,Canceled
EGP4032,120,149.5,Completed
EGP4033,120,149.5,Canceled
EGP4034,120,299,Canceled
EGP4035,120,299,Completed
EGP4036,120,149.5,Pending
EGP4037,120,299,Canceled
EGP4038,120,264.5,Completed
EGP4039,120,299,Canceled
EGP4040,120,299,Completed
EGP4041,120,299,Completed
EGP4042,120,299,Pending
EGP4043,120,149.5,Canceled
EGP4044,120,149.5,Pending
EGP4045,120,299,Completed
EGP4046,120,149.5,Completed
EGP4047,120,264.5,Canceled
EGP4048,120,149.5,Pending
EGP4049,120,264.5,Canceled
EGP4050,120,264.5,Completed
EGP4051,120,299,Canceled
EGP4052,120,299,Canceled
EGP4053,120,299,Pending
EGP4054,120,299,Canceled
EGP4055,120,264.5,Canceled
EGP4056,120,264.5,Pending
EGP4057,120,264.5,Canceled
EGP4058,120,149.5,Canceled
EGP4059,120,149.5,Completed
EGP4060,120,149.5,Pending
EGP4061,120,149.5,Canceled
EGP4062,120,149.5,Pending
EGP4063,120,264.5,Completed
EGP4064,120,264.5,Pending
EGP4065,120,299,Pending
EGP4066,120,264.5,Completed
EGP4067,120,149.5,Pending
EGP4068,120,264.5,Completed
EGP4069,120,299,Pending
EGP4070,120,299,Pending
EGP4071,120,264.5,Pending
EGP4072,120,299,Completed
EGP4073,120,299,Completed
EGP4074,120,264.5,Pending
EGP4075,120,264.5,Pending
EGP4076,120,264.5,Completed
EGP4077,120,149.5,Pending
EGP4078,120,264.5,Pending
EGP4079,120,299,Canceled
EGP4080,120,149.5,Completed
EGP4081,120,264.5,Pending
EGP4082,120,299,Completed
EGP4083,120,149.5,Canceled
EGP4084,120,149.5,Completed
EGP4085,120,264.5,Canceled
EGP4086,120,149.5,Pending
EGP4087,120,299,Canceled
EGP4088,120,299,Completed
EGP4089,120,149.5,Pending
EGP4090,120,149.5,Pending
EGP4091,120,264.5,Canceled
EGP4092,120,149.5,Completed
EGP4093,120,299,Completed
EGP4094,120,149.5,Completed
EGP4095,120,299,Pending
EGP4096,120,264.5,Pending
EGP4097,120,149.5,Canceled
EGP4098,120,149.5,Completed
EGP4099,120,299,Canceled
EGP4100,120,149.5,Pending
EGP4101,120,264.5,Pending
EGP4102,120,299,Canceled
EGP4103,120,299,Completed
EGP4104,120,299,Pending
EGP4105,120,264.5,Completed
EGP4106,120,149.5,Pending
EGP4107,120,264.5,Pending
EGP4108,120,264.5,Pending
EGP4109,120,149.5,Canceled
EGP4110,120,299,Completed
EGP4111,120,299,Completed
EGP4112,120,149.5,Canceled
EGP4113,120,264.5,Completed
EGP4114,120,149.5,Canceled
EGP4115,120,149.5,Pending
EGP4116,120,149.5,Pending
EGP4117,120,299,Completed
EGP4118,120,264.5,Canceled
EGP4119,120,264.5,Pending
EGP4120,120,264.5,Canceled
EGP4121,120,149.5,Pending
EGP4122,120,264.5,Canceled
EGP4123,120,149.5,Canceled
EGP4124,120,264.5,Pending
EGP4125,120,149.5,Canceled
EGP4126,120,149.5,Pending
EGP4127,120,299,Completed
EGP4128,120,149.5,Completed
EGP4129,120,264.5,Completed
EGP4130,120,264.5,Pending
EGP4131,120,149.5,Pending
EGP4132,120,264.5,Pending
EGP4133,120,264.5,Pending
EGP4134,120,149.5,Canceled
EGP4135,120,149.5,Canceled
EGP4136,120,264.5,Pending
EGP4137,120,299,Canceled
EGP4138,120,299,Pending
EGP4139,120,299,Completed
EGP4140,120,264.5,Pending
EGP4141,120,299,Completed
EGP4142,120,299,Canceled
EGP4143,120,149.5,Pending
EGP4144,120,149.5,Pending
EGP4145,120,264.5,Canceled
EGP4146,120,264.5,Pending
EGP4147,120,149.5,Canceled
EGP4148,120,149.5,Canceled
EGP4149,120,264.5,Pending
EGP4150,120,299,Canceled
EGP4151,120,299,Pending
EGP4152,120,299,Pending
EGP4153,120,149.5,Canceled
EGP4154,120,149.5,Canceled
EGP4155,120,299,Pending
EGP4156,120,149.5,Completed
EGP4157,120,264.5,Canceled
EGP4158,120,149.5,Completed
EGP4159,120,299,Completed
EGP4160,120,299,Canceled
EGP4161,120,299,Canceled
EGP4162,120,264.5,Pending
EGP4163,120,149.5,Canceled
EGP4164,120,264.5,Pending
EGP4165,120,299,Canceled
EGP4166,120,299,Completed
EGP4167,120,264.5,Canceled
EGP4168,120,149.5,Pending
EGP4169,120,299,Completed
EGP4170,120,299,Pending
EGP4171,120,264.5,Canceled
EGP4172,120,149.5,Completed
EGP4173,120,264.5,Pending
EGP4174,120,264.5,Canceled
EGP4175,120,264.5,Canceled
EGP4176,120,149.5,Pending
EGP4177,120,299,Completed
EGP4178,120,149.5,Completed
EGP4179,120,299,Completed
EGP4180,120,299,Pending
EGP4181,120,149.5,Canceled
EGP4182,120,149.5,Canceled
EGP4183,120,149.5,Canceled
EGP4184,120,264.5,Completed
EGP4185,120,299,Completed
EGP4186,120,149.5,Pending
EGP4187,120,299,Completed
EGP4188,120,264.5,Pending
EGP4189,120,264.5,Canceled
EGP4190,120,264.5,Canceled
EGP4191,120,264.5,Pending
EGP4192,120,149.5,Pending
EGP4193,120,264.5,Pending
EGP4194,120,264.5,Completed
EGP4195,120,299,Canceled
EGP4196,120,264.5,Canceled
EGP4197,120,264.5,Pending
EGP4198,120,264.5,Canceled
EGP4199,120,149.5,Canceled
EGP4200,120,299,Completed
EGP4201,120,149.5,Completed
EGP4202,120,299,Completed
EGP4203,120,264.5,Completed
EGP4204,120,299,Pending
EGP4205,120,264.5,Canceled
EGP4206,120,149.5,Completed
EGP4207,120,299,Canceled
EGP4208,120,149.5,Canceled
EGP4209,120,149.5,Completed
EGP4210,120,149.5,Completed
EGP4211,120,264.5,Completed
